{"count":1,"self":325900.01602559997,"total":369927.1449829,"children":{"InitializeActuators":{"count":1,"self":0.0010052,"total":0.0010052,"children":null},"InitializeSensors":{"count":1,"self":0.0010180999999999999,"total":0.0010180999999999999,"children":null},"AgentSendState":{"count":78327237,"self":416.1520384,"total":1016.9516967,"children":{"CollectObservations":{"count":19581810,"self":94.6349824,"total":94.63498229999999,"children":null},"WriteActionMask":{"count":19581810,"self":40.619718399999996,"total":40.6197186,"children":null},"RequestDecision":{"count":19581810,"self":93.55649919999999,"total":465.54496509999996,"children":{"AgentInfo.ToProto":{"count":19581810,"self":131.716992,"total":371.9884684,"children":{"GenerateSensorData":{"count":19581810,"self":240.2714624,"total":240.27147219999998,"children":null}}}}}}},"DecideAction":{"count":78327237,"self":42437.682790399995,"total":42437.682035599995,"children":null},"AgentAct":{"count":78327237,"self":572.3032064,"total":572.3677131,"children":{"AgentInfo.ToProto":{"count":5407,"self":0.033127699999999996,"total":0.064505899999999991,"children":{"GenerateSensorData":{"count":5407,"self":0.0313782,"total":0.0313782,"children":null}}}}},"AgentInfo.ToProto":{"count":4557,"self":0.054446299999999996,"total":0.1181651,"children":{"GenerateSensorData":{"count":4557,"self":0.063718799999999992,"total":0.063718799999999992,"children":null}}}},"gauges":{"FootBall.CumulativeReward":{"count":9964,"max":29.40728,"min":-63.9375458,"runningAverage":-2.78005,"value":-12.0000067,"weightedAverage":-11.9999847}},"metadata":{"timer_format_version":"0.1.0","start_time_seconds":"1698914411","unity_version":"2022.3.0f1","command_line_arguments":"C:\\Program Files\\Unity\\Hub\\Editor\\2022.3.0f1\\Editor\\Unity.exe -projectpath D:\\UserProjects\\Joey\\Unity\\UnityLLM -useHub -hubIPC -cloudEnvironment production -licensingIpc LicenseClient-Joey -hubSessionId 3507f957-fb23-45f5-a08d-d899ecb24be1 -accessToken FkVgB2epjcHCZFqFXa6oJr9A97esM8xfgCexTLPGpjg008f","communication_protocol_version":"1.5.0","com.unity.ml-agents_version":"2.2.1-exp.1","scene_name":"GPTRL_Lunar_Lander","end_time_seconds":"1699284339"}}