{"count":1,"self":1596.6311423999998,"total":4794.2982205,"children":{"InitializeActuators":{"count":1,"self":0.0015038,"total":0.0015038,"children":null},"InitializeSensors":{"count":1,"self":0.0005052,"total":0.0005052,"children":null},"AgentSendState":{"count":2550634,"self":12.741902399999999,"total":33.7170968,"children":{"CollectObservations":{"count":637659,"self":2.7546972,"total":2.7546972,"children":null},"WriteActionMask":{"count":637659,"self":1.2636458,"total":1.2636458,"children":null},"RequestDecision":{"count":637659,"self":4.7022736,"total":16.9568518,"children":{"AgentInfo.ToProto":{"count":637659,"self":4.6519487999999996,"total":12.2545784,"children":{"GenerateSensorData":{"count":637659,"self":7.6026295999999993,"total":7.6026295,"children":null}}}}}}},"DecideAction":{"count":2550634,"self":3147.582464,"total":3147.5824844999997,"children":null},"AgentAct":{"count":2550634,"self":16.3075168,"total":16.364918499999998,"children":{"AgentInfo.ToProto":{"count":3008,"self":0.029176499999999998,"total":0.057401999999999995,"children":{"GenerateSensorData":{"count":3008,"self":0.028225499999999997,"total":0.028225499999999997,"children":null}}}}}},"gauges":{"Football.CumulativeReward":{"count":3008,"max":31.1000824,"min":-180.600311,"runningAverage":5.718481,"value":25.2000675,"weightedAverage":27.60894}},"metadata":{"timer_format_version":"0.1.0","start_time_seconds":"1693829744","unity_version":"2022.3.0f1","command_line_arguments":"C:\\Program Files\\Unity\\Hub\\Editor\\2022.3.0f1\\Editor\\Unity.exe -projectpath D:\\UserProjects\\Joey\\Unity\\UnityLLM -useHub -hubIPC -cloudEnvironment production -licensingIpc LicenseClient-Joey -hubSessionId 36a31510-72c3-4fae-9709-21108c18302c -accessToken tQW70L32asDlWmcKnT2zR4WtfL8xWO9SmcoBjQDsmEM008f","communication_protocol_version":"1.5.0","com.unity.ml-agents_version":"2.0.1","scene_name":"GPTReinforcement","end_time_seconds":"1693834538"}}