{"count":1,"self":4934.592512,"total":10650.2864015,"children":{"InitializeActuators":{"count":1,"self":0.0015161999999999999,"total":0.0015161999999999999,"children":null},"InitializeSensors":{"count":1,"self":0.0010041,"total":0.0010041,"children":null},"AgentSendState":{"count":4675567,"self":26.361099199999998,"total":336.83541679999996,"children":{"CollectObservations":{"count":1168892,"self":5.2263144,"total":5.2263145999999994,"children":null},"WriteActionMask":{"count":1168892,"self":2.5092592,"total":2.5092592,"children":null},"RequestDecision":{"count":1168892,"self":5.4963776,"total":302.7387438,"children":{"AgentInfo.ToProto":{"count":1168892,"self":11.0198672,"total":297.2423662,"children":{"GenerateSensorData":{"count":1168892,"self":286.22248959999996,"total":286.22249869999996,"children":null}}}}}}},"DecideAction":{"count":4675567,"self":5341.7238528,"total":5341.7238018,"children":null},"AgentAct":{"count":4675567,"self":28.972272,"total":29.5422527,"children":{"AgentInfo.ToProto":{"count":1897,"self":0.0228454,"total":0.56997959999999992,"children":{"GenerateSensorData":{"count":1897,"self":0.5471342,"total":0.5471342,"children":null}}}}},"AgentInfo.ToProto":{"count":33717,"self":0.4493116,"total":7.5899499,"children":{"GenerateSensorData":{"count":33717,"self":7.1406383999999994,"total":7.1406383,"children":null}}}},"gauges":{"FootBall.CumulativeReward":{"count":35614,"max":1.68846428,"min":-2.417081,"runningAverage":1.49074137,"value":1.66245,"weightedAverage":1.6696682}},"metadata":{"timer_format_version":"0.1.0","start_time_seconds":"1700040986","unity_version":"2022.3.0f1","command_line_arguments":"C:\\Program Files\\Unity\\Hub\\Editor\\2022.3.0f1\\Editor\\Unity.exe -projectpath D:\\UserProjects\\Joey\\Unity\\UnityLLM -useHub -hubIPC -cloudEnvironment production -licensingIpc LicenseClient-Joey -hubSessionId fc6defb5-564d-459f-9b2d-f5f0ef4fb5f7 -accessToken rxN5ILLGnQcSpwx1OKb5S4wwSyeN3XHUuX-3L4aQpBU008f","communication_protocol_version":"1.5.0","com.unity.ml-agents_version":"2.2.1-exp.1","scene_name":"GPTRL_Simple_Maze_OneWall_GPTVision","end_time_seconds":"1700051636"}}