{"count":1,"self":27089.010688,"total":75091.3442601,"children":{"InitializeActuators":{"count":5,"self":0.0005156,"total":0.0005156,"children":null},"InitializeSensors":{"count":5,"self":0.0009998,"total":0.0009998,"children":null},"AgentSendState":{"count":39684270,"self":258.9942016,"total":675.41348899999991,"children":{"CollectObservations":{"count":9921070,"self":40.238431999999996,"total":40.2384336,"children":null},"WriteActionMask":{"count":9921070,"self":21.279504,"total":21.2795043,"children":null},"RequestDecision":{"count":9921070,"self":50.0743296,"total":354.90134539999997,"children":{"AgentInfo.ToProto":{"count":9921070,"self":77.7680128,"total":304.8270166,"children":{"GenerateSensorData":{"count":9921070,"self":227.0589952,"total":227.0590043,"children":null}}}}}}},"DecideAction":{"count":39684270,"self":47064.9765888,"total":47064.9752485,"children":null},"AgentAct":{"count":39684270,"self":261.6347136,"total":261.7913712,"children":{"AgentInfo.ToProto":{"count":5829,"self":0.0548258,"total":0.156662,"children":{"GenerateSensorData":{"count":5829,"self":0.1018362,"total":0.1018362,"children":null}}}}},"AgentInfo.ToProto":{"count":6474,"self":0.065085499999999991,"total":0.1523204,"children":{"GenerateSensorData":{"count":6474,"self":0.08723489999999999,"total":0.08723489999999999,"children":null}}}},"gauges":{"FootBall.CumulativeReward":{"count":12303,"max":6.8002944,"min":-1228.8457,"runningAverage":-82.9141,"value":-18.0296822,"weightedAverage":-18.0490246}},"metadata":{"timer_format_version":"0.1.0","start_time_seconds":"1700753327","unity_version":"2022.3.0f1","command_line_arguments":"C:\\Program Files\\Unity\\Hub\\Editor\\2022.3.0f1\\Editor\\Unity.exe -projectpath D:\\UserProjects\\Joey\\Unity\\UnityLLM -useHub -hubIPC -cloudEnvironment production -licensingIpc LicenseClient-Joey -hubSessionId 6402764a-e262-4d19-bb39-46d2820e70cc -accessToken s435jcFDg9o8XThUCq7xxfM1o2-4uvDTl8qmK6Vq7oE008f","communication_protocol_version":"1.5.0","com.unity.ml-agents_version":"2.2.1-exp.1","scene_name":"GPTRL_Difficult_Maze","end_time_seconds":"1700828418"}}