{"count":1,"self":578.3191552,"total":1724.6425275,"children":{"InitializeActuators":{"count":1,"self":0.0009992,"total":0.0009992,"children":null},"InitializeSensors":{"count":1,"self":0.0009989,"total":0.0009989,"children":null},"AgentSendState":{"count":927517,"self":4.8727164,"total":11.9350606,"children":{"CollectObservations":{"count":231880,"self":0.72963479999999992,"total":0.72963479999999992,"children":null},"WriteActionMask":{"count":231880,"self":0.46332589999999996,"total":0.46332589999999996,"children":null},"RequestDecision":{"count":231880,"self":1.6306650999999999,"total":5.8693833999999994,"children":{"AgentInfo.ToProto":{"count":231880,"self":1.6728908,"total":4.2387182999999995,"children":{"GenerateSensorData":{"count":231880,"self":2.5658276,"total":2.5658274999999997,"children":null}}}}}}},"DecideAction":{"count":927517,"self":1128.7899135999999,"total":1128.7898653,"children":null},"AgentAct":{"count":927517,"self":5.5848135999999995,"total":5.5964402,"children":{"AgentInfo.ToProto":{"count":772,"self":0.0055086,"total":0.0116268,"children":{"GenerateSensorData":{"count":772,"self":0.0061182,"total":0.0061182,"children":null}}}}}},"gauges":{"Football.CumulativeReward":{"count":772,"max":0.05892086,"min":-1.49114227,"runningAverage":-0.008899888,"value":0.05654621,"weightedAverage":0.0562489629}},"metadata":{"timer_format_version":"0.1.0","start_time_seconds":"1693905078","unity_version":"2022.3.0f1","command_line_arguments":"C:\\Program Files\\Unity\\Hub\\Editor\\2022.3.0f1\\Editor\\Unity.exe -projectpath D:\\UserProjects\\Joey\\Unity\\UnityLLM -useHub -hubIPC -cloudEnvironment production -licensingIpc LicenseClient-Joey -hubSessionId 36a31510-72c3-4fae-9709-21108c18302c -accessToken tQW70L32asDlWmcKnT2zR4WtfL8xWO9SmcoBjQDsmEM008f","communication_protocol_version":"1.5.0","com.unity.ml-agents_version":"2.0.1","scene_name":"GPTRL_Maze","end_time_seconds":"1693906803"}}